{
  "_comment": "Mass-unit -> kilograms multipliers (to_kg) and volume-unit -> liters multipliers (to_liters). Volume line items are converted to mass via a per-category density (density_kg_per_l) so liquids like milk, oil and juice get a weight-based estimate instead of falling back to spend. Units in NEITHER map (case, each, can, block, bag, dozen, bottle) are 'mass unknown' and use the spend-based factor.",
  "to_kg": {
    "kg": 1.0, "kgs": 1.0, "kilogram": 1.0, "kilograms": 1.0,
    "g": 0.001, "gram": 0.001, "grams": 0.001, "gm": 0.001,
    "mg": 0.000001,
    "lb": 0.45359237, "lbs": 0.45359237, "pound": 0.45359237, "pounds": 0.45359237, "#": 0.45359237,
    "oz": 0.0283495231, "ounce": 0.0283495231, "ounces": 0.0283495231,
    "ton": 907.18474, "tons": 907.18474,
    "tonne": 1000.0, "tonnes": 1000.0, "t": 1000.0, "mt": 1000.0
  },
  "to_liters": {
    "l": 1.0, "liter": 1.0, "liters": 1.0, "litre": 1.0, "litres": 1.0,
    "ml": 0.001, "milliliter": 0.001, "milliliters": 0.001,
    "gal": 3.785411784, "gallon": 3.785411784, "gallons": 3.785411784,
    "qt": 0.946352946, "quart": 0.946352946, "quarts": 0.946352946,
    "pt": 0.473176473, "pint": 0.473176473, "pints": 0.473176473,
    "cup": 0.2365882365, "cups": 0.2365882365,
    "fl oz": 0.0295735296, "floz": 0.0295735296, "fluid ounce": 0.0295735296
  },
  "density_kg_per_l": {
    "_default": 1.0,
    "dairy": 1.03,
    "plant_based": 1.03,
    "beverages": 1.01,
    "oils": 0.92
  }
}
